Country,Year,Rank,Total,C1: Security Apparatus,C2: Factionalized Elites,C3: Group Grievance,E1: Economy,E2: Economic Inequality,E3: Human Flight and Brain Drain,P1: State Legitimacy,P2: Public Services,P3: Human Rights,S1: Demographic Pressures,S2: Refugees and IDPs,X1: External Intervention,Category,Homeless People due to Natural Disaster,Life expectancy at birth (years),Total unemployment rate (% of labour force),EPI,Infant mortality rates,Education Index
South Sudan,2017,1st,113.9,10,9.7,9.7,10,8.9,6.4,10,10,9.5,9.9,10,9.8,Alert,8.38,8.25,5.48,6.461212421,1.22,8.21
Somalia,2017,2nd,113.4,9.4,10,8.9,8.9,9.3,9.8,9.3,9,9.5,10,10,9.3,Alert,8.3,6.62,1.5,6.71150926,1.58,7.34
Central African Republic,2017,3rd,112.6,9,9.7,9.1,9.1,10,7.5,9.7,10,9.7,9,10,9.8,Alert,7.62,7.45,0.8,7.354100276,1.38,6.66
Yemen,2017,4th,111.1,9.8,9.5,9.3,9.3,8.2,7.3,9.7,9.6,9.7,9.3,9.4,10,Alert,4.78,7.47,0.36,8.822893374,1.97,4.54
Sudan,2017,5th,110.6,9,9.7,10,8.5,7.4,8.9,9.8,8.9,9.6,9.3,9.8,9.7,Alert,4.7,5.97,1.66,0.987494575,7.17,3.87
Syria,2017,5th,110.6,9.8,9.9,9.8,8.1,7.7,8.4,9.9,9.2,9.8,8.2,9.8,10,Alert,4.9,6.26,0.74,0.976390741,5.98,4.57
Congo Democratic Republic,2017,7th,110,9,9.8,10,8.4,8.4,6.6,9.6,9.5,9.8,9.4,10,9.5,Alert,6.47,7.42,5.04,6.270738289,2.29,7.04
Chad,2017,8th,109.4,9.4,9.8,8,8.5,9.1,8.8,9.1,9.7,9.1,10,9.6,8.3,Alert,3.7,4.91,1.28,1.211863462,9.77,3.38
Afghanistan,2017,9th,107.3,10,8.6,8.4,8.3,7.5,8.2,9.1,9.9,8.5,9.3,9.8,9.7,Alert,4.88,5.71,1.56,6.607025891,1.42,6.77
Iraq,2017,10th,105.4,10,9.6,9.6,6.6,7.3,7.7,9.5,8.2,8.7,8.6,9.9,9.7,Alert,5.99,6.73,2.94,3.279669787,2.53,5.06
Haiti,2017,11th,105.3,7.7,9.6,6.5,8.7,9.8,8.8,9.7,9.7,7.6,9.5,7.7,10,Alert,4.15,5.45,0.66,3.620775823,6.74,3.46
Guinea,2017,12th,102.4,8.8,9.6,8.6,9.2,7.7,7.4,9.6,9.5,7.7,8.7,8.2,7.4,Alert,8.94,8.32,1.36,4.80505796,1.68,8.25
Nigeria,2017,13th,101.6,9.2,9.6,9.2,8,8.6,7.2,8.6,9.2,8.9,9.1,7.5,6.5,Alert,8.74,5.63,0.64,5.909087988,2.55,8.04
Zimbabwe,2017,13th,101.6,8.1,9.8,7.3,8.6,8.5,7.9,9.2,8.9,8.2,9.1,8.5,7.5,Alert,7.62,7.91,0.7,2.674599212,0.88,6.59
Ethiopia,2017,15th,101.1,8.4,8.7,9.1,7,6.5,7.6,8.2,8.8,9,9.8,9.3,8.7,Alert,9.09,8.17,1.12,3.02341731,0.47,8.71
Guinea Bissau,2017,16th,99.5,8.9,9.6,5.2,8.3,9.1,8.1,9.2,9.4,7.5,8.6,7.3,8.3,Alert,3.41,7.43,0.8,6.547982176,0.49,1.99
Burundi,2017,17th,98.9,8.8,8.2,7.9,8,7.2,6.3,8.8,8,8.8,9.3,8.6,9,Alert,6.25,6.55,1.52,4.7125103,4.32,5.37
Pakistan,2017,17th,98.9,9.1,8.9,10,6.9,6.5,7.2,8.1,7.7,8,8.4,8.7,9.4,Alert,8.15,7.63,2.32,2.553191856,0.63,7.06
Eritrea,2017,19th,98.1,7.2,8.1,7.1,8.1,7.8,8.3,9.3,8.4,9,8.8,8.3,7.7,Alert,7.2,7.25,2.06,6.868498564,4.93,6.38
Niger,2017,20th,97.4,8.7,8.9,8,7.5,8.5,7.5,7.3,9.5,6.5,9,7.9,8.1,Alert,7.46,7.3,2.24,3.888357917,1.15,7.21
Cote dIvoire,2017,21st,96.5,7.7,9.1,8.1,6.6,8,7.3,7.9,8.7,7.9,8.2,7.8,9.2,Alert,4.59,6.43,6.16,3.110940334,0.66,4.43
Kenya,2017,22nd,96.4,8.3,8.9,8.9,6.9,7.9,7.6,7.6,8,7,8.9,8.3,8.1,Alert,3.92,5.8,2.1,2.611708879,6.54,2.54
Libya,2017,23rd,96.3,9.6,9.4,8.1,8.5,5.6,6.3,9.5,7,9.1,4.9,8.3,10,Alert,7.57,5.48,0.14,7.803490816,9.26,7.44
Uganda,2017,24th,96,7.1,8.6,8.5,5.5,7.4,7.6,8.6,8.3,7.8,9,9.3,8.3,Alert,4.14,6.27,1.8,3.705258045,3.7,2.67
Myanmar,2017,35th,95.7,8.9,8.3,9.7,5.9,7.7,6.4,8.6,8.5,8.9,6.8,8.7,7.3,Alert,6.11,7.14,1.4,4.065906245,2.66,4.54
Cameroon,2017,26th,95.6,7.9,9.1,8.3,6.6,7.6,7.6,8.4,8.7,7.5,8.1,8,7.8,Alert,7.33,6.9,0.86,7.468031862,0.37,6.35
Liberia,2017,27th,93.8,6.4,8.3,5.8,8.1,8.4,7.2,6.8,9.3,6.5,9,8.7,9.3,Alert,5.45,6.4,0.62,4.33357689,3.55,4.66
Mauritania,2017,28th,93.7,6.9,8.8,7,7.7,6.8,6.9,8,9,7.9,8.7,8,8,Alert,7.69,7.48,2.14,2.06014394,2.87,6.99
Congo Republic,2017,29th,93.4,7.2,6.7,7.2,7,8.1,7.4,8.9,9.5,8.5,8.1,7.7,7.1,Alert,6.86,6.89,5.48,3.607176919,1.43,7.11
North Korea,2017,30th,93.3,8.3,8.5,5.8,8.9,7.5,4.4,10,8.6,9.4,7.7,4.4,9.8,Alert,3.98,5.58,0.04,4.645139794,5.95,3.85
Mali,2017,31st,92.9,9,4.9,7.4,7.7,7.4,8.5,6.1,8.8,7.3,8.5,7.9,9.4,Alert,9.07,8.22,3.04,4.045947908,4.26,8.83
Angola,2017,32nd,91.1,6.5,7.2,7.5,6.4,9.9,6.6,8.6,9.1,7.3,9.5,7.1,5.4,Alert,9.04,7.08,0.96,6.73564017,0.89,8.43
Nepal,2017,33rd,91,6.5,8.8,9.4,7.5,6.7,6.5,7.4,7.2,7.7,8.6,7.8,6.9,Alert,6.43,7.3,0.82,1.75849232,2.24,5.28
Rwanda,2017,34th,90.8,6.2,8,9.4,6,8.3,7.4,7.1,7.4,7.2,8,8.3,7.5,Alert,7.82,6.86,0.72,4.583929933,3.92,8.01
Timor-Leste,2017,35th,90.5,7.2,8.3,6.5,7.9,6.8,7.6,6.9,8.5,5.3,9.7,6.3,9.5,Alert,9.22,6.88,1.28,2.241753398,3.1,8.96
Egypt,2017,36th,89.8,8.1,8.8,8.8,8.2,6,4.7,8.2,4.9,9.8,7.1,7.3,7.9,Alert,8.92,7.28,1.38,4.179818382,3.93,7.79
Gambia,2017,37th,89.4,6.3,7.8,3.8,8.4,6.9,8.3,8.6,7.8,9.4,8.3,6.8,7,Alert,4.19,4.89,0.26,4.412004875,5.94,4.14
Sierra Leone,2017,38th,89.3,4.3,7.8,6.2,8.6,8.3,8.5,6.9,8.8,5.3,9,7.7,7.9,Alert,8.76,8.27,1.06,3.579069164,1.48,7.89
Bangladesh,2017,39th,89.1,7.6,9.3,8.7,5.8,6.7,7.8,7.8,8.1,7.4,7.5,6.6,5.8,Alert,6.75,7.25,2,3.65272859,1.6,5.85
Mozambique,2017,40th,89,6.7,6.6,5.4,8,8.8,8,6.5,9.7,5.6,9.9,5.8,8,Alert,7.44,6.53,3.54,6.990285427,1.36,7.99
Djibouti,2017,41st,88.9,6.5,7.3,6.5,7,7.9,5.4,8.2,7.9,7.8,8.4,7.3,8.7,Alert,6.71,7.41,3.82,4.246985033,1.92,6.31
Swaziland,2017,42nd,88.8,6.3,6.8,3.4,9.7,8.2,7.2,8.8,8.1,9.1,9.4,4.7,7.1,Alert,8.91,6.97,3,4.287560147,0.33,8.6
Lebanon,2017,43rd,88.2,8.7,9.3,8.5,6.4,5.6,5,7.6,5.7,7.4,5.6,9.3,9.1,Alert,7.99,6.86,1.06,3.784170093,2.21,7.94
Burkina Faso,2017,44th,88,8.4,7.8,4.5,6.3,8.2,7.5,7.1,8.7,6.1,9.3,6.6,7.5,Alert,7.54,7.01,0.86,6.87763629,5.65,6.52
Malawi,2017,44th,88,4.8,8.1,5.6,8.4,8.3,7.9,6.4,8.6,6.2,9.7,5.8,8.2,Alert,5.59,7.29,6.84,6.560484423,1.78,4.84
Zambia,2017,46th,87.8,4.6,6.2,5.9,7.9,9.2,7.9,7.7,7.9,7.4,9.5,6.4,7.2,Alert,5.39,6.29,1.54,6.031659188,0.37,5.44
Sri Lanka,2017,47th,86.6,7.4,8.8,9,5.4,7.1,7.7,6.9,5.1,8.3,6.2,8.4,6.3,Alert,5.76,6.1,1.56,2.707636235,3.76,5.16
Papua New Guinea,2017,48th,86.4,7.2,7.1,6.3,6.1,9.1,7.4,6.8,9,7.6,7.8,5.2,6.8,Alert,4.78,8.22,6.2,5.685179866,3.68,3.05
Iran,2017,49th,85.8,7.5,9.6,9.3,6.4,5.6,6.5,9,4.5,9.5,4.9,6.5,6.5,Alert,7.09,7.31,1.22,1.999985818,2.71,6.14
Cambodia,2017,50th,85.7,6.7,8.3,6.9,5.7,6.6,7.6,8.3,7.8,7.7,7,5.7,7.4,Alert,9.2,4.98,1.26,5.484258037,0.62,8.12
Equatorial Guinea,2017,51st,85,6.5,8.2,6.3,6.5,8.7,5.5,9.8,7.9,9.2,7.5,3.9,5,Warning,9.42,5.21,0.98,3.996892867,6.16,9.07
Comoros,2017,52nd,84.8,6.7,8,5.4,8,7.5,7.4,7.3,8.2,6.3,7.3,4.7,8,Warning,7.81,7.39,0.32,1.753917162,1.05,7.56
Solomon Islands,2017,52nd,84.8,5.9,8.2,6.5,7.1,9,6.9,6.8,7.7,5.2,8.5,4.4,8.6,Warning,8.87,8.18,3,2.96070291,0.35,8.2
Philippines,2017,54th,84.4,9.7,8,7.9,5.5,5.7,6.5,7,6.7,6.6,7.5,6.9,6.4,Warning,7.12,7.37,1.46,4.189562343,1.49,6.12
Madagascar,2017,55th,84,7.1,7.8,4.1,7.6,9.1,6.7,7.1,9.1,5.6,9.1,3.9,6.8,Warning,5.63,6.97,0.74,3.950666316,5.54,4.55
Togo,2017,56th,83.9,6.5,7.6,4.6,6.4,8.2,7.5,7.8,8.2,6.7,7.8,6.6,6,Warning,7.49,6.31,0.66,6.108295478,0.93,6.43
Guatemala,2017,57th,83.1,7.6,7.1,8.5,5.5,8.1,7.3,6.5,7.5,7.2,7,5.6,5.2,Warning,5.89,6.87,5.62,1.727318724,3.08,4.31
Venezuela,2017,58th,82.9,7.3,8.2,7.2,7.3,6.7,5.5,8.5,7.7,8.9,5.6,4.6,5.4,Warning,7.94,7.78,1.12,6.504403415,0.31,7.69
Laos,2017,59th,82.4,5.5,8.3,6.6,5.2,6.6,7.7,9.1,7,7.9,7.3,5.1,6.1,Warning,4.66,5.92,0.46,3.519697208,6.85,3.86
Senegal,2017,60th,82.3,6.2,6.6,6.4,7.4,7.4,8,4.7,7.5,6,8.1,7.3,6.7,Warning,5.09,8,0.84,7.914587875,0.22,4.38
Tajikistan,2017,61st,81.8,6.7,8.4,7.4,7.3,4.8,6.2,9.1,5.6,8.2,7.9,4.3,5.9,Warning,6.41,7.64,0.88,3.846536846,3.11,6.49
Lesotho,2017,62nd,81.7,6.2,7.3,3.9,8.1,8.1,8,5.9,8.1,5,8.5,4.8,7.8,Warning,8.31,8.1,2.12,3.827410803,0.74,7.61
Uzbekistan,2017,63rd,81.5,7.1,8.8,7.1,6.3,6.9,6,9.5,4.9,9.2,5.6,5.5,4.6,Warning,6.61,6.75,3.54,4.666048411,3.4,6.56
Turkey,2017,64th,80.8,8.3,9.1,10,4.6,5.7,3.9,7.6,4.4,7.7,4.9,9.2,5.4,Warning,9.24,7.98,2.94,2.734980458,0.32,9.32
Kyrgyz Republic,2017,65th,80.3,6.5,8,8.4,7,5.9,7,7.7,5.1,7.5,5.5,5.3,6.4,Warning,7.13,7.54,3.84,2.877063333,1.15,5.99
Tanzania,2017,65th,80.3,5.5,5.7,5.2,6.2,7.1,7.6,5.9,8.6,5.9,8.7,6.7,7.2,Warning,7.19,7.46,0.74,7.055582719,6.61,6.3
Russia,2017,67th,79.2,8.9,8.1,8.8,5.2,6.2,4,8.5,4.2,9.2,4.6,5.8,5.7,Warning,5.41,6.03,1.68,3.945665465,4.66,5.15
Honduras,2017,68th,79.1,7.3,6.8,5.9,6.4,7.7,6.4,6.8,6.8,6.9,6.3,4.3,7.5,Warning,6.17,8.26,1.62,7.773453623,5.15,6.56
Colombia,2017,69th,78.9,6.9,7.6,7.3,4.2,7.6,6.2,6.3,5.9,7,6.2,7.7,6,Warning,9.07,8.36,1.22,5.312460228,0.54,8.09
Israel and West Bank,2017,69th,78.9,6.9,8.1,10,3.8,6.8,3.8,6.4,4.8,7.5,6,7.3,7.5,Warning,8.6,8.05,1.52,3.130576172,0.39,8.19
Jordan,2017,71st,78.7,5.7,6.9,8,6.4,5.4,4.2,6.3,4.2,7.9,6.5,9.6,7.6,Warning,7.35,6.02,1.28,2.752392017,1.29,6.16
India,2017,72nd,77.9,7.4,7.3,8.3,5.1,7,6.1,4.7,7.4,6,7.9,5.3,5.4,Warning,6.81,7.07,1.58,1.613166756,2.26,5.82
Benin,2017,73rd,77.6,6.2,6.7,3.4,6.6,7.6,7.4,5.4,8.7,5.2,8.3,5.5,6.6,Warning,6.83,7.44,0.96,4.984945905,7.92,5.31
Nicaragua,2017,74th,77.4,5.6,7.1,6.5,5.7,8,8.1,7.9,6.7,5.2,5.3,4,7.3,Warning,6.78,6.33,1.08,2.078150639,3.97,6.08
Ecuador,2017,75th,77.3,6.8,8.2,7.3,6,6.7,5.8,6.5,6.5,5,6.5,5.7,6.3,Warning,8.78,7.59,1.6,6.180724141,9.79,8.64
Fiji,2017,76th,76.9,7.1,7.9,6.9,6.5,6.3,8.2,6.9,5,6.9,4.9,3.1,7.2,Warning,8.43,8.11,1.54,0.965486355,0.23,6.95
Algeria,2017,77th,76.8,7.2,7.1,7.1,6.6,6.6,5.8,6.9,6,6.6,5.2,6.8,4.9,Warning,8.56,7.62,1.54,2.224001855,0.29,8.75
Bolivia,2017,77th,76.8,6.5,8,6,5.4,8.6,7,6.5,6.8,6,6.3,3.9,5.8,Warning,7.37,7.43,2.2,1.626150328,2.24,6.5
Georgia,2017,79th,76.5,6.8,9.1,7.9,5.5,5.5,4.9,8.3,4.3,5.6,3.7,7.5,7.4,Warning,8.24,7.49,2.54,3.729984167,0.17,8.17
Micronesia,2017,80th,76.4,4.6,5.6,4,8.8,8.3,9.8,5.5,6,3.3,7.1,3.9,9.5,Warning,7.79,6.57,2.02,4.055517258,1,8.07
Azerbaijan,2017,81st,76.3,6.2,7.9,6.5,4.1,5.9,4.3,8.8,5.4,8.5,4.6,7.7,6.4,Warning,6.78,7.46,1.62,7.196564834,1.5,6.27
Thailand,2017,82nd,76.2,9,9.4,8.5,3.3,5.3,4.7,7.5,4.4,8,6.4,5.9,3.8,Warning,7.96,8.13,1.24,4.165432165,0.85,6.04
Bhutan,2017,83rd,76,4.5,7.5,7.9,4.7,6.1,7.2,4.3,6.1,6.6,6.1,7,8,Warning,8.87,8.1,2.8,4.326981178,0.33,8.09
Morocco,2017,84th,74.9,5.8,6.6,7.7,4.8,6.2,8.2,6.7,5.2,6.8,4.8,6.1,6,Warning,4.06,5.77,0.82,5.775291018,6.68,3.16
China,2017,85th,74.7,5.9,7.2,7.9,4.4,7.3,4.9,8.6,5.7,8.5,6.7,4.9,2.7,Warning,8.34,7.98,2.24,3.746565465,0.16,8.68
Maldives,2017,86th,74.4,6.4,8,4.8,5.9,3.6,6.2,8.5,5.6,8.2,6,4.7,6.5,Warning,5.4,5.43,0.46,3.373417892,6.36,4.03
Turkmenistan,2017,86th,74.4,6.3,7.8,6.6,4.9,6.7,5.1,9.7,5.6,8.7,5.4,3.5,4.1,Warning,8.27,7.69,1.74,4.009461538,2.39,7.29
Mexico,2017,88th,74.3,8.4,5.4,7.2,4.9,6.1,5.8,6.5,6.8,6.5,6.1,5.1,5.5,Warning,7.31,7.26,0.68,3.436253239,4.8,6.72
Tunisia,2017,89th,74.2,8.3,7.8,7.7,6.7,4.9,6.1,6.5,4.4,6.5,4.2,4.7,6.4,Warning,5.13,7.04,2.06,7.258439077,0.24,4.3
Ukraine,2017,90th,74,7.6,8,6.7,6.8,4.2,5.2,8.2,3.7,6.2,4.2,4.6,8.6,Warning,7.21,7.76,2.54,2.574222054,1.87,6.14
Gabon,2017,91st,73.8,5.2,7.4,3.8,5.5,6.5,6.1,8.2,6.7,7.5,6.7,4.5,5.7,Warning,9.02,8.05,0.84,5.838507005,0.34,8.78
El Salvador,2017,92nd,73.1,7.3,4.3,6.7,5.4,6.4,7.9,4.8,6.4,6.3,6.9,4.8,5.9,Warning,7.06,6.98,0.42,3.540409094,1.55,7.08
Bosnia and Herzegovina,2017,93rd,73,5.7,8.7,7,5.7,5.1,5.5,6.5,3.6,5.6,3.8,7.6,8.2,Warning,7.96,8.13,0.72,3.905804129,7.62,6.48
Indonesia,2017,94th,72.9,6.2,7,7.1,4.5,5.8,6.9,5.1,5.9,7.2,6.6,5.4,5.2,Warning,6.33,6.62,2.2,1.096072199,3.33,5.68
Belarus,2017,95th,72.4,6.1,8.3,7.1,6,4.7,3.4,8.7,4.2,7.9,5.1,3.6,7.3,Warning,8.43,8.03,2.72,3.944185667,0.46,6.75
South Africa,2017,96th,72.3,6.1,6.1,6.7,7.1,7.5,5.5,6.5,7,4.2,7.2,5.4,3,Warning,8.23,7.59,1.04,1.408003276,1.23,8.08
Sao Tome and Principe,2017,97th,72.1,5,6.3,4.5,8.5,6,8.5,5.6,5.9,3.3,6.2,4.4,7.9,Warning,6.35,8.18,3.52,5.791097641,2.08,5.7
Moldova,2017,98th,72,6.1,8.3,7.3,6.4,4.8,6.6,6.6,4.9,4.9,4.8,3.9,7.4,Warning,7.53,7.4,4.52,2.003925618,1.31,6.42
Paraguay,2017,99th,71.6,6.6,7.8,5.8,5,7.9,5.8,7,6.2,5.9,5.7,3.1,4.8,Warning,7.99,7.43,2.06,4.612700448,0.73,8.07
Guyana,2017,100th,71.3,6.4,5.1,6.7,6,5.7,9.4,5.4,6.2,3.5,5.8,3.8,7.3,Warning,7.92,7.53,1.5,2.880752924,1.3,7.73
Saudi Arabia,2017,101st,71.2,6.3,8.2,7.8,4.5,5,3.8,8,3.8,9.1,5.3,4.7,4.7,Warning,4.74,7.4,4.94,6.753733697,0.29,3.29
Armenia,2017,102nd,71,5.5,7.4,6.1,6.3,4.5,6.2,7.6,3.6,7,3.1,7,6.7,Warning,8.87,8.04,5.96,2.325039607,0.22,8.3
Namibia,2017,103rd,70.4,5.5,3.5,5.8,6.8,8.2,7.1,3.3,7.4,3.8,7.6,5,6.4,Warning,4.64,6.13,0.82,2.579795294,5.89,3.09
Peru,2017,104th,70.3,7.1,6.9,7.4,3.2,7.4,7.3,7.2,6.7,4.3,5,4.3,3.5,Warning,5.01,5.46,1.52,1.804048554,6.24,4.79
Vietnam,2017,105th,70.2,4.6,6.9,6,5.1,5,6.2,8.3,4.7,7.4,6.1,4.7,5.2,Warning,7.27,7.53,1.84,4.04574372,0.22,6.75
Cape Verde,2017,106th,70.1,5.4,5.5,4.1,5.2,7.1,8,5.3,6,4,7.2,4.2,8.1,Warning,7.25,7.54,1.52,2.339786684,2.01,6.39
Serbia,2017,107th,70,5.5,8,7.3,6.4,4.8,5.3,5.2,4.2,4.4,4.3,8.4,6.2,Warning,7.73,7.92,1.4,1.830711288,0.46,7.91
Ghana,2017,108th,69.7,3.8,5.2,4.4,6.1,6.6,8.2,4.2,7.8,5.1,6.6,5,6.7,Warning,8.28,5.71,1.64,2.345741822,3.12,7.24
Dominican Republic,2017,109th,69,5.8,6.2,5.8,5.5,5.8,7.1,5.5,6.3,5.8,6.5,3.3,5.4,Warning,5.38,7.63,1.4,6.358964506,0.23,3.82
Brazil,2017,110th,68.2,6.7,4.9,6.2,4.8,7.8,4.6,6.2,6.4,6.4,8.1,2.8,3.3,Warning,4.84,7.88,1.02,3.122777273,7.23,5.05
Samoa,2017,111th,67.1,4.7,5.1,4.5,6.3,4.9,9.5,5.5,4.9,4.1,5.7,2.7,9.2,Warning,7.59,7.73,2.68,1.676504494,1.38,7.15
Macedonia,2017,112th,66.1,5.6,7.3,6.9,5.8,5.2,5.2,5.8,3.9,3.8,3.3,7.3,6,Warning,4.21,7.65,1.12,4.441622149,0.55,2.92
Kazakhstan,2017,113th,65.9,5.2,7.6,7.6,6.4,4.2,3.6,8.3,4,7.3,4.5,3,4.2,Warning,8.89,8.04,0.2,2.470195489,0.35,8.29
Suriname,2017,113th,65.9,4.9,5.8,5.8,7.1,6.1,6.8,5,5.6,4.6,5.3,3,5.9,Warning,7.41,6.35,1.5,6.525974882,1.26,6.73
Belize,2017,115th,65.5,6.4,4.3,4.1,6.7,5.4,6.6,5.2,5.9,4.7,5.1,3.6,7.5,Warning,7.55,7.46,4.82,1.878830522,1.28,7.78
Malaysia,2017,116th,65.4,6.3,6.8,6.5,3.1,5,5,7.7,4.2,8,5.3,3.7,3.8,Warning,8.38,6.79,3.68,4.821512653,1.49,8.23
Jamaica,2017,117th,65.2,6.9,3.7,3.4,6.9,5.1,8.4,4.8,6.4,5.5,5.2,3.1,5.8,Warning,5.23,5.15,1.46,2.669384943,10.41,4.76
Bahrain,2017,118th,64.9,6.9,7.6,8.4,3.8,4.6,3.5,8.2,1.8,8.8,4.1,2.4,4.8,Warning,7.2,7.09,0.52,4.338718135,0.31,7.35
Cuba,2017,119th,64.6,5.2,7,4,4,5.4,5.2,7.6,4.1,7.5,5.5,4,5.1,Warning,9.34,4.89,1,6.814059303,5.11,8.85
Botswana,2017,120th,63.8,4.1,3.3,4.9,5.8,7.8,5.5,3.3,7.3,5,8.2,4.5,4.1,Warning,7.9,7.51,0.9,2.901002205,1.09,7.13
Cyprus,2017,121st,62.6,4.4,7.9,6.3,6,5.9,4,4.8,2.5,3,3.5,5.3,9,Warning,4.85,6.95,4.78,5.132505693,1.09,4.25
Brunei Darussalam,2017,122nd,61.6,5.1,7.4,5.9,3.5,7.8,4.6,8.3,1.8,7.7,3.7,2.2,3.6,Warning,8.17,7.7,2.36,1.89738515,0.41,7.8
Grenada,2017,123rd,61.5,5.7,5.6,3.8,6,4.8,8.4,5.4,3.8,3.2,4.7,3,7.1,Warning,8.5,7.98,1.88,3.215799621,0.28,7.7
Albania,2017,124th,60.5,4.7,6.2,4.5,5.4,3.6,7.6,5.7,4,4.8,3.7,3.6,6.7,Warning,5.7,6.1,0.34,2.507988637,4.7,5.47
Seychelles,2017,125th,59.4,6.1,6,4.5,4.1,5.5,5.9,5.5,2.7,3.8,5.1,3.2,7,Warning,7.45,7.07,0.24,2.016541287,3.12,7.04
Kuwait,2017,126th,58.5,4.2,7.8,4.7,3,4.2,3.6,7.2,2.6,7.9,5,3.5,4.8,Warning,7.35,7.62,1.22,2.920256285,0.59,6.7
Greece,2017,127th,57.5,4.5,4.1,5.4,6.5,3.7,3.3,6.7,3.8,3.2,3.7,6.5,6.1,Warning,7.37,7.37,0.64,4.686979229,1.6,6.95
Mongolia,2017,128th,56.7,3.6,5.5,3.8,5,6.4,3.3,4,5.4,4.5,5.1,3,7.1,Stable,5.01,8.02,3.92,3.016393164,6.81,3.61
Trinidad and Tobago,2017,128th,56.7,6.3,5.6,4.2,4.4,4.9,8.1,4.5,4.3,4.1,4.5,2.7,3.1,Stable,9.08,7.16,0.6,3.517045522,0.45,8.27
Montenegro,2017,130th,55.7,4,6.5,7.9,5.2,2.4,4,4.6,3.1,4.1,2.8,4.6,6.5,Stable,6.93,6.42,0.3,1.511949238,3.82,6.54
Antigua and Barbuda,2017,131st,54.8,5.7,3.7,3.9,4.5,4.5,6.8,5.4,3.8,4.4,4.1,2.7,5.3,Stable,7.34,7.39,2.46,1.656498451,1.43,6.33
Bulgaria,2017,132nd,53.7,4.3,5.3,5.1,5.7,4.4,4.2,4.5,4.4,3.3,3.7,4.5,4.3,Stable,6.79,6.23,1.1,5.235915929,1.6,6.06
Oman,2017,133rd,52.5,4.2,6.6,2.9,4.1,4.6,2.5,6.8,3.5,7.7,4.8,2.5,2.3,Stable,4.83,6.21,1.2,4.183599609,5.62,4.15
Bahamas,2017,134th,52.4,4.6,4.5,4.1,4.8,4.5,4.7,3.8,4.6,3.6,6.9,2.6,3.7,Stable,8.6,7.82,0.66,1.965212331,0.81,7.1
Hungary,2017,135th,52,2.7,5.3,4.8,5.4,3.8,3.3,6.1,3.2,5.2,1.8,6.5,3.9,Stable,9.19,8.06,0.58,2.902315984,0.33,9.05
Romania,2017,136th,50.9,3,5.4,6.8,4.7,4.2,4.5,5.2,3.8,3.7,3.2,2.8,3.6,Stable,6.2,7.41,0.82,7.895242459,4.21,4.94
Panama,2017,137th,50.7,5.4,2.2,5.6,2.6,7.4,4.6,3.2,4.8,4.3,4.9,3,2.7,Stable,3.87,5.08,0.9,5.737545098,9.02,2.73
Croatia,2017,138th,50.6,3.5,4.4,5.8,5.3,3.3,4.7,2.9,2.4,3.6,3.1,7,4.6,Stable,5.06,7.72,1.36,4.467030649,1.94,4.17
Barbados,2017,139th,49.6,4.4,4.2,4.1,5.9,4.6,5.4,2.5,2.7,2.9,4.4,2.5,6,Stable,7.65,6.26,1.8,3.876585897,1.28,6.96
Argentina,2017,140th,48.2,4.3,2.8,5,4.3,5.4,3,4.8,3.8,4.1,3.8,2.3,4.6,Stable,4.13,7.29,2.58,4.752135168,4.41,3.64
Latvia,2017,141st,46.4,3,4.3,8,3.5,4.1,4.8,3.4,2.9,2.8,2.9,2.8,3.9,Stable,6.3,8.14,4.6,4.939654329,0.35,5.29
Italy,2017,142nd,45.2,4.5,4.9,4.8,5.4,2.9,2,3.7,2.7,2,4.3,5.5,2.5,Stable,4.12,5.79,3.18,3.402897461,8.05,4.42
Estonia,2017,143rd,44.7,3.3,5.9,7.3,3.5,3.2,4,2.7,2.9,1.7,2.8,3.1,4.3,Stable,6.59,6.9,2.74,3.796097438,0.34,5.05
Slovak Republic,2017,144th,44.3,1.8,4.7,6.9,4.6,3.5,4.2,4.3,2.4,2.5,2.3,3.8,3.3,Stable,5.14,6,0.72,4.120635404,2.06,4.64
Costa Rica,2017,145th,44.1,3.6,3.8,4.2,4,5.3,4.1,2.4,3.9,1.5,3.3,3.9,4.1,Stable,7.81,7.57,3.46,2.05120523,0.68,6.97
Qatar,2017,146th,44,2.6,5,4.6,2.1,4.7,2.6,6.3,1.3,6.3,3.8,2,2.7,Stable,7.17,7.48,2.8,5.827862276,0.93,6.53
United Arab Emirates,2017,147th,43.7,3.1,3.6,3.4,2.4,3.4,2.5,6.7,2.2,7.8,4,2.2,2.4,Stable,5.86,5.68,1.16,3.163308883,7.43,4.39
Lithuania,2017,148th,41.7,3.1,3,4.4,4.5,4.5,4.4,2.7,3.5,2.5,2.8,2.3,4,Stable,5.08,8.11,1.26,6.521794552,5.02,4.92
Mauritius,2017,148th,41.7,2.3,3.2,3.6,4,3.5,4.4,3,3.3,3.4,3.6,2.7,4.7,Stable,8.65,7.82,1.5,2.932325001,0.32,8.56
Chile,2017,150th,41.1,3.2,2.2,3.6,3.2,5.7,3.8,3.3,4,3,4.9,2.1,2.1,Stable,6.84,7.21,3.1,3.379114337,7.06,6.61
Poland,2017,151st,40.8,1.8,4.2,5.4,3.6,3,4.5,3.3,2.3,3.2,3,3.6,2.9,Stable,5.65,7.08,1.18,1.650822965,3.53,4.52
Czech Republic,2017,152nd,40.1,2.6,5,4.8,4.6,2.7,2.8,4.7,2.6,2.4,1.4,3.8,2.7,Stable,5.89,6.57,0.28,4.683895652,2.27,5.9
Malta,2017,153rd,38.6,3.6,2,3.9,4,2.6,3.7,3.6,2,3,2.5,4.4,3.3,Stable,7.66,6.54,4.96,4.998471516,3.75,7.41
South Korea,2017,154th,38.1,2.1,4.3,2.9,2,3,3.9,4.4,1.9,2.9,3.1,2,5.6,Stable,8.14,6.53,4.12,3.890220077,0.76,8.15
Spain,2017,155th,37.9,2.8,6.3,5.7,5.2,3.5,1.9,2.8,2.2,1.8,2,1.9,1.8,Stable,7.79,6.01,1.74,2.500266013,0.92,6.94
Japan,2017,156th,37.4,1.6,2.6,3.7,4.1,1.6,3.2,1.2,2.2,3,6,4.4,3.8,Stable,7.73,5.86,1.3,8.090093922,0.65,7.14
Uruguay,2017,157th,36.8,3.8,2.7,2.5,3.6,4.1,4.4,1,2.9,2.8,3.8,2.5,2.7,Stable,7.96,7.09,2.88,2.895077681,0.4,8.36
United States,2017,158th,35.6,3.2,5.3,6,2.4,4.3,1.7,1.9,1.6,3.2,2.8,2,1.2,Stable,7.19,6.96,4.08,3.417975047,2,7.53
France,2017,159th,33.5,3.3,1.9,7,4.3,3.2,2.2,1.3,1.1,2.1,2.8,2.5,1.8,Stable,4.52,5.08,11.84,3.927116122,7.28,3.93
United Kingdom,2017,160th,33.2,2.7,4.5,6.4,3.6,3.6,2.1,1.5,1.6,1.7,2.4,2.1,1,Stable,7.34,7.33,0.56,7.569364609,3.71,6.77
Singapore,2017,161st,32.5,1.6,4,2.6,2,3.8,3.3,3.9,1.3,4.6,2.5,1.7,1.2,Stable,7.18,6.78,1.64,6.737061552,1.16,7.67
Slovenia,2017,162nd,32.4,1.6,1.7,4.5,3.8,3.4,3.1,2.7,1.5,1.5,2.3,4,2.3,Stable,4.7,7.51,1.58,6.676486869,3.88,4.8
Belgium,2017,163rd,30.8,2.4,4.4,4.9,4.2,2.7,1.6,1.4,2.3,1.5,2,2.4,1,Stable,4.45,5.98,0.82,3.652600913,5.01,3.48
Portugal,2017,164th,29,1.3,2.5,2.5,5.3,2.5,2.2,1.6,2.2,1.8,2.1,2.2,2.8,Stable,8.91,8.19,2.44,3.207577862,0.32,8.6
Germany,2017,165th,28.1,2.1,2.3,5,2.2,2.8,2.1,1,1.1,1.1,2,5.4,1,Sustainable,9.33,8.21,1.04,4.046799358,0.36,9.36
Austria,2017,166th,27.7,1,3.2,4.5,2.2,2.9,1.5,1.4,1.1,1.2,1.9,5.6,1.2,Sustainable,4.05,7.34,1.36,5.003617794,2.64,3.63
Netherlands,2017,167th,27.4,1.5,3.1,4.5,2.7,2.2,2.6,1.3,1,1,2.5,3.8,1.2,Sustainable,7,7.27,1.76,3.435097776,1.36,6.99
Luxembourg,2017,168th,23.4,1.7,3.4,3.1,1.2,1.6,2.1,1,2.1,1,1.6,3.5,1.1,Sustainable,7.73,7.26,0.1,3.441176179,1.57,6.76
Canada,2017,169th,22.6,2.2,2.5,3.4,1.8,2.5,1.7,1,1.5,1.3,1.9,1.8,1,Sustainable,4.27,6.28,1.88,3.731754543,4.62,3.12
New Zealand,2017,170th,22.6,1.2,1.4,3.6,3.6,2.3,2.1,0.9,1.4,1,2.1,1.8,1.2,Sustainable,6.14,7.28,0.72,3.86805003,1.92,5.04
Iceland,2017,171st,22.5,1,1.8,1.3,3.3,1.1,2.8,1.3,1.2,1,1.6,2,4.1,Sustainable,5.46,6.75,1.46,2.933048357,3.07,4.51
Australia,2017,172nd,22.3,2.1,1.7,3.9,1.7,2.2,1.3,1,1.5,2.3,1.3,2.3,1,Sustainable,6.34,7.58,1.38,5.728059896,0.53,4.88
Ireland,2017,172nd,22.3,2.1,1.5,1.4,3.4,2.2,2.8,1,1.4,1.4,1.7,2,1.4,Sustainable,7.36,7.44,0.98,0.997648363,1.46,7.3
Sweden,2017,174th,22.1,2.1,1.8,1.5,1.8,1.8,1.5,1,1.1,1.1,2,5.3,1.1,Sustainable,9.08,8.12,1.14,3.516865606,3.31,9.1
Denmark,2017,175th,21.5,1.7,1.4,4.4,2,1.6,1.9,0.9,1,1.5,2,2.1,1,Sustainable,6.77,6.85,1.38,2.585198184,1.51,6.1
Switzerland,2017,176th,21.1,1.1,1,3.6,2.3,2.2,2.1,1,1,1.8,1.5,2.5,1,Sustainable,4.17,5.47,2.2,6.670224057,0.24,2.97
Norway,2017,177th,20.5,2,1.1,3.6,2.2,1.5,1.6,0.8,1,1.1,1.5,2.8,1.3,Sustainable,7.66,7.36,2.68,4.086441977,0.79,6.56
Finland,2017,178th,18.7,1.7,1.1,1.8,3.5,1,2.3,0.9,1,1,1.1,2.3,1,Sustainable,6.52,6.75,2.94,4.194991351,0.65,6.86
